{"cameraMode":{"drawMode":0,"name":"Shaded","section":"Shading Mode"},"sceneLighting":false,"audioPlay":false,"sceneViewState":{"showFog":true,"showMaterialUpdate":false,"showSkybox":false,"showFlares":true,"showImageEffects":true,"showParticleSystems":true},"in2DMode":false,"pivot":{"x":0.03504180908203125,"y":-0.029296875,"z":0.00250244140625},"rotation":{"x":0.017993709072470666,"y":0.03267538547515869,"z":-0.0005070955376140773,"w":0.9993334412574768},"size":0.4018605053424835,"orthographic":true}