{"cameraMode":{"drawMode":0,"name":"Shaded","section":"Shading Mode"},"sceneLighting":true,"audioPlay":false,"sceneViewState":{"showFog":true,"showMaterialUpdate":false,"showSkybox":false,"showFlares":true,"showImageEffects":true,"showParticleSystems":true},"in2DMode":false,"pivot":{"x":2.403588056564331,"y":-2.4691834449768068,"z":1.55295729637146},"rotation":{"x":-0.2202124297618866,"y":0.2582998275756836,"z":0.07587142288684845,"w":0.9375677704811096},"size":4.446687698364258,"orthographic":false}