{"cameraMode":{"drawMode":0,"name":"Shaded","section":"Shading Mode"},"sceneLighting":false,"audioPlay":false,"sceneViewState":{"showFog":true,"showMaterialUpdate":false,"showSkybox":false,"showFlares":true,"showImageEffects":true,"showParticleSystems":true},"in2DMode":false,"pivot":{"x":-0.01678466796875,"y":0.05825042724609375,"z":-0.1405029296875},"rotation":{"x":0.9973053336143494,"y":-0.002593229291960597,"z":-0.046371541917324069,"w":-0.05720614641904831},"size":0.5707565546035767,"orthographic":true}