{"cameraMode":{"drawMode":0,"name":"Shaded","section":"Shading Mode"},"sceneLighting":true,"audioPlay":false,"sceneViewState":{"showFog":false,"showMaterialUpdate":false,"showSkybox":false,"showFlares":false,"showImageEffects":false,"showParticleSystems":true},"in2DMode":false,"pivot":{"x":0.11030972003936768,"y":20.471670150756837,"z":0.011448383331298828},"rotation":{"x":-0.37854140996932986,"y":-0.15055625140666963,"z":-0.04687345027923584,"w":0.912066638469696},"size":2.2066268920898439,"orthographic":false}