{"cameraMode":{"drawMode":0,"name":"Shaded","section":"Shading Mode"},"sceneLighting":false,"audioPlay":false,"sceneViewState":{"showFog":true,"showMaterialUpdate":false,"showSkybox":false,"showFlares":true,"showImageEffects":true,"showParticleSystems":true},"in2DMode":false,"pivot":{"x":1.0785984992980958,"y":-0.01287408173084259,"z":-0.03154325485229492},"rotation":{"x":0.007498936261981726,"y":-0.014702945947647095,"z":-0.00011356532922945917,"w":-0.9998666644096375},"size":1.828277587890625,"orthographic":false}