{"cameraMode":{"drawMode":0,"name":"Shaded","section":"Shading Mode"},"sceneLighting":false,"audioPlay":false,"sceneViewState":{"showFog":true,"showMaterialUpdate":false,"showSkybox":false,"showFlares":true,"showImageEffects":true,"showParticleSystems":true},"in2DMode":false,"pivot":{"x":0.0211181640625,"y":-0.0165863037109375,"z":0.10516357421875},"rotation":{"x":-0.04493247717618942,"y":0.04822862893342972,"z":0.0021717636846005918,"w":0.9978234171867371},"size":0.47882190346717837,"orthographic":true}