{"cameraMode":{"drawMode":0,"name":"Shaded","section":"Shading Mode"},"sceneLighting":false,"audioPlay":false,"sceneViewState":{"showFog":true,"showMaterialUpdate":false,"showSkybox":false,"showFlares":true,"showImageEffects":true,"showParticleSystems":true},"in2DMode":false,"pivot":{"x":0.34848666191101076,"y":0.5096228122711182,"z":-0.07722610235214234},"rotation":{"x":0.13564908504486085,"y":0.827318012714386,"z":0.2262973040342331,"w":-0.4959189295768738},"size":1.0178474187850953,"orthographic":false}