{"cameraMode":{"drawMode":0,"name":"Shaded","section":"Shading Mode"},"sceneLighting":false,"audioPlay":false,"sceneViewState":{"showFog":true,"showMaterialUpdate":false,"showSkybox":false,"showFlares":true,"showImageEffects":true,"showParticleSystems":true},"in2DMode":false,"pivot":{"x":-0.056593239307403567,"y":0.18067525327205659,"z":-0.06887918710708618},"rotation":{"x":0.0008296939777210355,"y":0.9980193972587586,"z":0.06145578622817993,"w":-0.013474042527377606},"size":0.36024242639541628,"orthographic":false}