{"cameraMode":{"drawMode":0,"name":"Shaded","section":"Shading Mode"},"sceneLighting":true,"audioPlay":false,"sceneViewState":{"showFog":true,"showMaterialUpdate":false,"showSkybox":false,"showFlares":true,"showImageEffects":true,"showParticleSystems":true},"in2DMode":false,"pivot":{"x":0.3240814208984375,"y":-0.17969894409179688,"z":0.1689453125},"rotation":{"x":0.017971282824873925,"y":-0.05546262487769127,"z":0.0009984325151890517,"w":0.9982991814613342},"size":0.8483638763427734,"orthographic":true}