{"cameraMode":{"drawMode":0,"name":"Shaded","section":"Shading Mode"},"sceneLighting":true,"audioPlay":false,"sceneViewState":{"showFog":true,"showMaterialUpdate":false,"showSkybox":false,"showFlares":true,"showImageEffects":true,"showParticleSystems":true},"in2DMode":false,"pivot":{"x":-1.1353548765182496,"y":-3.562135934829712,"z":2.2078614234924318},"rotation":{"x":-0.06639780104160309,"y":-0.12706133723258973,"z":0.0058779725804924969,"w":0.9896533489227295},"size":2.9466874599456789,"orthographic":false}